,Job description,Company,Location
0,"Software Engineer - Full Stack - Sydney, New South Wales",MRI Software,"Sydney, NSW"
1,Technical Support Engineer 3 (Messaging),Twilio,"Melbourne, Victoria, VIC"
2,Technical Support Engineer 3 (Messaging),Twilio,"Sydney, New South Wales, NSW"
3,"Software Architect - Sydney, New South Wales",MRI Software,"Sydney, NSW"
4,"Sales Engineer - Commercial Real Estate SaaS - Sydney, New South Wales",MRI Software,"Sydney, NSW"
5,"Principal Consultant, Automation & Devops",Dialog Group,"Sydney, NSW"
6,"Customer Experience Technical Analyst - Sydney, New South Wales",Mediaocean,"Sydney, NSW"
7,Consultant / Senior Consultant,Randstad ANZ,"Melbourne, VIC"
8,"Senior Manager, Enterprise Sales, ANZ",Twilio,"Sydney, New South Wales, NSW"
9,Account Executive - APAC,Uptake,"Perth, Western Australia, Australia"
10,Design Researcher - AI Applications,IBM,"New York, NY"
11,Senior Talent Acquisition Specialist (Technology) - Sydney,Randstad Sourceright,"Sydney, NSW"
12,Intern - Software Engineer - QA 2021 US,Okta,"Bellevue,WA, San Jose,CA, San Francisco, CA, CA"
13,"Principal Consultant, Automation & Devops",Dialog Group,"Melbourne, VIC"
14,Growth Account Executive,Twilio,"Sydney, New South Wales, NSW"
15,"QA Engineer - Sydney, New South Wales",MRI Software,"Sydney, NSW"
16,Test Automation Engineer,Dialog Group,"North Sydney, NSW"
17,"Sales Development Representative, ANZ",Twilio,"Sydney, New South Wales, NSW"
18,Test Analysts & Senior Test Analysts,Dialog Group,"Brisbane, QLD"
19,"Account Executive, IoT Sales, APJ",Twilio,"Sydney, New South Wales, NSW"
20,Test Engineer,Dialog Group,"Melbourne CBD, VIC"
21,Automation & Devops Code Camp,Dialog Group,"Brisbane, QLD"
22,Principal Consultant - Quality Assurance and Testing,Dialog Group,"North Sydney, NSW"
23,Test Automation Engineer,Dialog Group,"Melbourne CBD, VIC"
24,Payroll Tester,Dialog Group,"Brisbane, QLD"
25,Account Executive: Albany,"Farmer's Business Network, Inc.","Albany, Western Australia, Australia"
